{
  "meta": {
    "tracker_csv": "/home/roy/realsense_calib/outputs/recheck_start_20260524_231555.csv",
    "num_frames_requested": 100,
    "num_valid_rows": 100,
    "total_csv_rows": 234,
    "window": "tail",
    "skip_first": 0,
    "generated_at": "2026-05-24T23:16:20",
    "frame_idx_first": 135,
    "frame_idx_last": 234
  },
  "frame": "lab (pupil_apriltags floor-anchor; +Z = down)",
  "quat_convention": "wxyz, unit",
  "pelvis_pos_mean_xyz_m": [
    -0.1641385574901603,
    0.7843115152617842,
    -0.730920462233521
  ],
  "pelvis_quat_mean_wxyz": [
    0.5114699366779744,
    0.4915407821894484,
    -0.47648932031862923,
    -0.5193689352873399
  ],
  "pelvis_R_mean_3x3": [
    [
      0.006427673361571573,
      0.06285532645916991,
      -0.9980019503742805
    ],
    [
      -0.9997110593165203,
      -0.022712862993839567,
      -0.007869163542808755
    ],
    [
      -0.023162100409879705,
      0.9977641674215074,
      0.06269117413375214
    ]
  ],
  "pelvis_pos_std_xyz_m": [
    0.001255071565167209,
    0.000669093253762688,
    0.0026281915156596046
  ],
  "pelvis_rot_std_deg": 0.36681023958475706,
  "torso_pos_mean_xyz_m": [
    -0.2504252225586643,
    0.7529051870386213,
    -1.0111790094609971
  ],
  "torso_quat_mean_wxyz": [
    0.6574941480596275,
    -0.02932260747663694,
    -0.005529344710003535,
    0.7528685518104697
  ],
  "torso_R_mean_3x3": [
    [
      -0.13368325991623164,
      -0.9896890645379514,
      -0.05142316163134856
    ],
    [
      0.9903376037560893,
      -0.1353417432288455,
      0.030233146154914042
    ],
    [
      -0.03688111447362143,
      -0.046884625132039004,
      0.998219222075698
    ]
  ],
  "torso_pos_std_xyz_m": [
    0.005458917850629557,
    0.005930966974018621,
    0.0029070925206271226
  ],
  "torso_rot_std_deg": 0.67559186134721,
  "object_pos_mean_xyz_m": [
    0.18995601697546657,
    0.814531635792114,
    -0.17668797127301442
  ],
  "object_quat_mean_wxyz": [
    -0.4122164016295693,
    -0.08645220803805626,
    0.011753963958401612,
    0.9068988357497096
  ],
  "object_R_mean_3x3": [
    [
      -0.6452073079058285,
      0.745644837154775,
      -0.16649716709104176
    ],
    [
      -0.7497094617043893,
      -0.6598789651176684,
      -0.04995472376212001
    ],
    [
      -0.1471164601797779,
      0.0925933486793939,
      0.9847757201132185
    ]
  ],
  "object_pos_std_xyz_m": [
    0.0016798388231538664,
    0.002164176339606832,
    0.0050286494020002894
  ],
  "object_rot_std_deg": 0.7748557054892296
}