{
  "description": "Full 6-DOF T_sim_lab from FixStand pelvis_link <-> NPZ frame 0 pelvis.",
  "created_at": "2026-05-25T17:09:01",
  "source_csv": "outputs/fixstand_step1_20260525_170823.csv",
  "source_npz": "unitree_rl_mjlab/deploy/robots/g1/config/policy/mimic/sub8_45/params/sub8_largebox_045_original_extended.npz",
  "mode": "pelvis-link-full-6dof",
  "n_samples": 146,
  "T_sim_lab_4x4": [
    [
      -0.21879141568024849,
      -0.9757174270790845,
      -0.01028430383334795,
      -0.27694452879860953
    ],
    [
      -0.9554635740306616,
      0.2120868676315994,
      0.20520347768859815,
      0.2377237107680319
    ],
    [
      -0.19803944930898704,
      0.054723042850924344,
      -0.9786652975058618,
      -0.10434337709907615
    ],
    [
      0.0,
      0.0,
      0.0,
      1.0
    ]
  ],
  "R_sim_lab_3x3": [
    [
      -0.21879141568024849,
      -0.9757174270790845,
      -0.01028430383334795
    ],
    [
      -0.9554635740306616,
      0.2120868676315994,
      0.20520347768859815
    ],
    [
      -0.19803944930898704,
      0.054723042850924344,
      -0.9786652975058618
    ]
  ],
  "t_sim_lab_xyz": [
    -0.27694452879860953,
    0.2377237107680319,
    -0.10434337709907615
  ],
  "rpy_deg": {
    "roll": 176.79958223681595,
    "pitch": 11.422335026849108,
    "yaw": -102.89778039640821
  },
  "lab_origin_in_sim_xyz": [
    -0.27694452879860953,
    0.2377237107680319,
    -0.10434337709907615
  ],
  "pelvis_link_lab_mean": {
    "pos_xyz": [
      -0.4044419601073511,
      0.9754111643251642,
      -0.7858021128627419
    ],
    "quat_wxyz": [
      -0.009373490956610912,
      0.9938225848356232,
      -0.10670287679648278,
      -0.029039690447411597
    ],
    "rpy_deg": [
      -179.28629558005284,
      3.4237960793281585,
      -12.234969560144604
    ]
  },
  "npz_frame0": {
    "pelvis_pos_sim": [
      -1.1321003437042236,
      0.6697758436203003,
      0.798166811466217
    ],
    "pelvis_quat_sim_wxyz": [
      0.7028880992192117,
      0.05232970721462718,
      0.051415040424754005,
      -0.7075071839472415
    ],
    "pelvis_rpy_deg": [
      0.046962746017082904,
      8.414033733449063,
      -90.37183626707366
    ],
    "torso_link_pos_sim": [
      -1.1321744918823242,
      0.6672587394714355,
      0.8422731161117554
    ],
    "object_pos_sim": [
      -1.1993372440338135,
      0.31650635600090027,
      0.18340031802654266
    ]
  },
  "residuals": {
    "pelvis_pos_m": 0.0,
    "pelvis_R_frobenius": 4.169374696483601e-16
  },
  "box": {
    "box_pos_lab_mean": [
      0.062390025074168166,
      0.932775046194529,
      -0.1905046476834293
    ],
    "box_pos_in_sim": [
      -1.1987605911469719,
      0.3368494359586418,
      0.12078551321739059
    ],
    "delta_vs_npz_ref0": [
      0.000576652886841611,
      0.02034307995774154,
      -0.06261480480915207
    ],
    "delta_mm": 65.83910093559284
  }
}